epoch,train_loss,val_loss
1,0.1558234496991363,0.15457394053242998
2,0.1498929304256244,0.14942985044776688
3,0.14686615919167498,0.1475486426141971
4,0.1443160221556076,0.144413081682493
5,0.14224915851161213,0.14371459384730564
6,0.1403828827177814,0.1447947146635254
7,0.13883340344719688,0.14189105671167168
8,0.13714469561153148,0.1414900057248145
9,0.13544313267354932,0.1410235268571617
10,0.13333232643572193,0.14058860401926754
