epoch,train_loss,val_loss
1,0.07906650383955452,0.07341693632479039
2,0.07326524563151046,0.07265002734440319
3,0.07271863014667562,0.07599121663645146
4,0.07224070846857497,0.07923706302543625
5,0.07246149778943027,0.07216630831330678
6,0.07228395793646224,0.07289230710240466
7,0.07260065334524733,0.07317099937837064
8,0.07179069776318829,0.07288531915614867
9,0.07183398515574602,0.07161374465384535
10,0.0711361098380702,0.08095334989724563
